ID,セクション番号,セクション名,セクション内番号,項目名,公表日,出典,出典機関,URL,URL2
1,1,監査基準等,1,監査基準,11/6/2020,,ASBJ,https://www.fsa.go.jp/singi/singi_kigyou/kijun/20201106_kansa.pdf,
2,1,監査基準等,2,中間監査基準,11/6/2020,,ASBJ,https://www.fsa.go.jp/singi/singi_kigyou/kijun/20201106_chukan.pdf,
3,1,監査基準等,3,監査に関する品質管理基準,11/16/2021,,ASBJ,https://www.fsa.go.jp/singi/singi_kigyou/kijun/20211116_hinshitsu.pdf,
4,1,監査基準等,4,監査における不正リスク対応基準,3/26/2013,,ASBJ,https://www.fsa.go.jp/singi/singi_kigyou/kijun/20130326_fusei_risk.pdf,
5,2,監査実務指針の体系,1,日本公認会計士協会が公表する実務指針等の公表物の体系及び名称について,,,JICPA,https://jicpa.or.jp/news/information/2014/post_1833.html,
6,2,監査実務指針の体系,2,監査基準報告書及び関連する公表物の体系及び用語,7/23/2025,監査基準報告書 序,JICPA,https://jicpa.or.jp/specialized_field/2-24-000-2-20250723.pdf,
7,2,監査実務指針の体系,3,レビュー業務実務指針、保証業務実務指針及び専門業務実務指針並びに関連する公表物の体系及び用語,7/23/2025,保証業務実務指針 序,JICPA,https://jicpa.or.jp/specialized_field/2-24-000j-2-20250723.pdf,
8,3,監査実務指針（監査における品質管理）,1,監査事務所における品質管理,7/23/2025,品質管理基準報告書第1号,JICPA,https://jicpa.or.jp/specialized_field/2-24-hnk1-2-20250723.pdf,
9,3,監査実務指針（監査における品質管理）,2,監査業務に係る審査,7/23/2025,品質管理基準報告書第2号,JICPA,https://jicpa.or.jp/specialized_field/2-24-hnk2-2-20250723.pdf,
10,3,監査実務指針（監査全般にわたる基本的事項と責任）,1,財務諸表監査における総括的な目的（監査基準報告書200）,7/23/2025,監査基準報告書200,JICPA,https://jicpa.or.jp/specialized_field/2-24-200-2-20250723.pdf,
11,3,監査実務指針（監査全般にわたる基本的事項と責任）,2,監査業務の契約条件の合意（監査基準報告書210）,9/26/2024,監査基準報告書210,JICPA,https://jicpa.or.jp/specialized_field/2-24-210-2-20240926.pdf,
12,3,監査実務指針（監査全般にわたる基本的事項と責任）,3,監査業務における品質管理（監査基準報告書220）,7/23/2025,監査基準報告書220,JICPA,https://jicpa.or.jp/specialized_field/2-24-220-2-20250723.pdf,
13,3,監査実務指針（監査全般にわたる基本的事項と責任）,4,監査調書（監査基準報告書230）,9/26/2024,監査基準報告書230,JICPA,https://jicpa.or.jp/specialized_field/2-24-230-2-20240926.pdf,
14,3,監査実務指針（監査全般にわたる基本的事項と責任）,5,財務諸表監査における不正（監査基準報告書240）,7/23/2025,監査基準報告書240,JICPA,https://jicpa.or.jp/specialized_field/2-24-240-2-20250723.pdf,
15,3,監査実務指針（監査全般にわたる基本的事項と責任）,6,財務諸表監査における法令の検討（監査基準報告書250）,7/23/2025,監査基準報告書250,JICPA,https://jicpa.or.jp/specialized_field/2-24-250-2-20250723.pdf,
16,3,監査実務指針（監査全般にわたる基本的事項と責任）,7,監査役等とのコミュニケーション（監査基準報告書260）,7/23/2025,監査基準報告書260,JICPA,https://jicpa.or.jp/specialized_field/2-24-260-2-20250723.pdf,
17,3,監査実務指針（監査全般にわたる基本的事項と責任）,8,内部統制の不備に関するコミュニケーション（監査基準報告書265）,8/10/2023,監査基準報告書265,JICPA,https://jicpa.or.jp/specialized_field/2-24-265-2-20230810.pdf,
18,3,監査実務指針（リスク評価及び評価したリスクへの対応）,1,監査計画（監査基準報告書300）,1/12/2023,監査基準報告書300,JICPA,https://jicpa.or.jp/specialized_field/2-24-300-2-20230112.pdf,
19,3,監査実務指針（リスク評価及び評価したリスクへの対応）,2,重要な虚偽表示リスクの識別と評価（監査基準報告書315）,7/23/2025,監査基準報告書315,JICPA,https://jicpa.or.jp/specialized_field/2-24-315-2-20250723.pdf,
20,3,監査実務指針（リスク評価及び評価したリスクへの対応）,3,監査の計画及び実施における重要性（監査基準報告書320）,1/12/2023,監査基準報告書320,JICPA,https://jicpa.or.jp/specialized_field/2-24-320-2-20230112.pdf,
21,3,監査実務指針（リスク評価及び評価したリスクへの対応）,4,評価したリスクに対応する監査人の手続（監査基準報告書330）,8/10/2023,監査基準報告書330,JICPA,https://jicpa.or.jp/specialized_field/2-24-330-2-20230810.pdf,
22,3,監査実務指針（リスク評価及び評価したリスクへの対応）,5,業務を委託している企業の監査上の考慮事項（監査基準報告書402）,8/10/2023,監査基準報告書402,JICPA,https://jicpa.or.jp/specialized_field/2-24-402-2-20230810.pdf,
23,3,監査実務指針（リスク評価及び評価したリスクへの対応）,6,監査の過程で識別した虚偽表示の評価（監査基準報告書450）,9/26/2024,監査基準報告書450,JICPA,https://jicpa.or.jp/specialized_field/2-24-450-2-20240926.pdf,
24,3,監査実務指針（監査証拠）,1,監査証拠（監査基準報告書500）,1/12/2023,監査基準報告書500,JICPA,https://jicpa.or.jp/specialized_field/2-24-500-2-20230112.pdf,
25,3,監査実務指針（監査証拠）,2,特定項目の監査証拠（監査基準報告書501）,9/26/2024,監査基準報告書501,JICPA,https://jicpa.or.jp/specialized_field/2-24-501-2-20240926.pdf,
26,3,監査実務指針（監査証拠）,3,確認（監査基準報告書505）,9/26/2024,監査基準報告書505,JICPA,https://jicpa.or.jp/specialized_field/2-24-505-2-20240926.pdf,
27,3,監査実務指針（監査証拠）,4,初年度監査の期首残高（監査基準報告書510）,8/10/2023,監査基準報告書510,JICPA,https://jicpa.or.jp/specialized_field/2-24-510-2-20230810.pdf,
28,3,監査実務指針（監査証拠）,5,分析的手続（監査基準報告書520）,10/12/2022,監査基準報告書520,JICPA,https://jicpa.or.jp/specialized_field/2-24-520-2-20221013.pdf,
29,3,監査実務指針（監査証拠）,6,監査サンプリング（監査基準報告書530）,8/10/2023,監査基準報告書530,JICPA,https://jicpa.or.jp/specialized_field/2-24-530-2-20230810.pdf,
30,3,監査実務指針（監査証拠）,7,会計上の見積りの監査（監査基準報告書540）,7/23/2025,監査基準報告書540,JICPA,https://jicpa.or.jp/specialized_field/2-24-540-2-20250723.pdf,
31,3,監査実務指針（監査証拠）,8,関連当事者（監査基準報告書550）,9/26/2024,監査基準報告書550,JICPA,https://jicpa.or.jp/specialized_field/2-24-550-2-20240926.pdf,
32,3,監査実務指針（監査証拠）,9,後発事象（監査基準報告書560）,7/23/2025,監査基準報告書560,JICPA,https://jicpa.or.jp/specialized_field/2-24-560-2-20250723.pdf,
33,3,監査実務指針（監査証拠）,10,継続企業（監査基準報告書570）,9/26/2024,監査基準報告書570,JICPA,https://jicpa.or.jp/specialized_field/2-24-570-2-20240926.pdf,
34,3,監査実務指針（監査証拠）,11,経営者確認書（監査基準報告書580）,9/26/2024,監査基準報告書580,JICPA,https://jicpa.or.jp/specialized_field/2-24-580-2-20240926.pdf,
35,3,監査実務指針（監査証拠）,12,訴訟事件等に関わる顧問弁護士への質問書に関する実務指針,7/23/2025,監査基準報告書501実務指針第1号,JICPA,https://jicpa.or.jp/specialized_field/2-24-501j_1-2-20250723.pdf,
36,3,監査実務指針（監査証拠）,13,継続企業の前提に関する開示について,11/6/2002,監査・保証実務委員会報告第74号,JICPA,https://jicpa.or.jp/specialized_field/files/00468-001341.pdf,
37,3,監査実務指針（監査証拠）,14,後発事象に関する監査上の取扱い,9/26/2024,監査基準報告書560実務指針第1号,JICPA,https://jicpa.or.jp/specialized_field/2-24-560j_1-2-20240926.pdf,
38,3,監査実務指針（監査証拠）,15,イメージ文書により入手する監査証拠に関する実務指針,7/23/2025,監査基準報告書500実務指針第1号,JICPA,https://jicpa.or.jp/specialized_field/2-24-500j_1-2-20250723.pdf,
39,3,監査実務指針（他者の作業の利用）,1,グループ監査における特別な考慮事項（監査基準報告書600）,9/26/2024,監査基準報告書600,JICPA,https://jicpa.or.jp/specialized_field/2-24-600-2-20240926.pdf,
40,3,監査実務指針（他者の作業の利用）,2,内部監査人の作業の利用（監査基準報告書610）,9/26/2024,監査基準報告書610,JICPA,https://jicpa.or.jp/specialized_field/2-24-610-2-20240926.pdf,
41,3,監査実務指針（他者の作業の利用）,3,専門家の業務の利用（監査基準報告書620）,7/23/2025,監査基準報告書620,JICPA,https://jicpa.or.jp/specialized_field/2-24-620-2-20250723.pdf,
42,3,監査実務指針（監査の結論及び報告）,1,財務諸表に対する意見の形成と監査報告（監査基準報告書700）,9/26/2024,監査基準報告書700,JICPA,https://jicpa.or.jp/specialized_field/2-24-700-2-20240926.pdf,
43,3,監査実務指針（監査の結論及び報告）,2,独立監査人の監査報告書における監査上の主要な検討事項の報告（監査基準報告書701）,7/23/2025,監査基準報告書701,JICPA,https://jicpa.or.jp/specialized_field/2-24-701-2-20250723.pdf,
44,3,監査実務指針（監査の結論及び報告）,3,監査報告書に係るQ&A,2/13/2025,監査基準報告書700実務ガイダンス第1号,JICPA,https://jicpa.or.jp/specialized_field/files/2-24-700g1-2-20250213.pdf,
45,3,監査実務指針（監査の結論及び報告）,4,独立監査人の監査報告書における除外事項付意見（監査基準報告書705）,9/26/2024,監査基準報告書705,JICPA,https://jicpa.or.jp/specialized_field/2-24-705-2-20240926.pdf,
46,3,監査実務指針（監査の結論及び報告）,5,独立監査人の監査報告書における強調事項区分とその他の事項区分（監査基準報告書706）,9/26/2024,監査基準報告書706,JICPA,https://jicpa.or.jp/specialized_field/2-24-706-2-20240926.pdf,
47,3,監査実務指針（監査の結論及び報告）,6,過年度の比較情報−対応数値と比較財務諸表（監査基準報告書710）,8/10/2023,監査基準報告書710,JICPA,https://jicpa.or.jp/specialized_field/2-24-710-2-20230810.pdf,
48,3,監査実務指針（監査の結論及び報告）,7,その他の記載内容に関連する監査人の責任（監査基準報告書720）,1/12/2023,監査基準報告書720,JICPA,https://jicpa.or.jp/specialized_field/2-24-720-2-20230112.pdf,
49,3,監査実務指針（監査の結論及び報告）,8,監査報告書の文例,7/23/2025,監査基準報告書700実務指針第1号,JICPA,https://jicpa.or.jp/specialized_field/2-24-700j_1-2-20250723.pdf,
50,3,監査実務指針（特殊な監査業務）,1,特別目的の財務報告の枠組みに準拠して作成された財務諸表に対する監査（監査基準報告書800）,9/26/2024,監査基準報告書800,JICPA,https://jicpa.or.jp/specialized_field/2-24-800-2-20240926.pdf,
51,3,監査実務指針（特殊な監査業務）,2,個別の財務表又は財務諸表項目等に対する監査（監査基準報告書805）,9/26/2024,監査基準報告書805,JICPA,https://jicpa.or.jp/specialized_field/2-24-805-2-20240926.pdf,
52,3,監査実務指針（特殊な監査業務）,3,要約財務諸表に関する報告業務（監査基準報告書810）,9/26/2024,監査基準報告書810,JICPA,https://jicpa.or.jp/specialized_field/2-24-810-2-20240926.pdf,
53,3,監査実務指針（その他の考慮事項）,1,監査人の交代（監査基準報告書900）,7/23/2025,監査基準報告書900,JICPA,https://jicpa.or.jp/specialized_field/2-24-900-2-20250723.pdf,
54,3,監査実務指針（その他の考慮事項）,2,中間監査（監査基準報告書910）,2/16/2023,監査基準報告書910,JICPA,https://jicpa.or.jp/specialized_field/files/2-24-910-2-20230216.pdf,
55,3,監査実務指針（その他）,1,公認会計士業務における情報セキュリティに関する実務指針,7/23/2025,監査・保証基準委員会実務指針第5号,JICPA,https://jicpa.or.jp/specialized_field/2-24-5-2-20250723.pdf,
56,3,監査実務指針（その他）,2,公認会計士業務における情報セキュリティに関する実務指針に係るQ&A,7/31/2023,監査・保証基準委員会研究報告第1号,JICPA,https://jicpa.or.jp/specialized_field/files/2-24-1-2-20230728_2.pdf,
57,3,監査実務指針（その他）,3,訂正報告書に含まれる財務諸表等に対する監査に関する実務指針,7/23/2025,監査基準報告書560実務指針第2号,JICPA,https://jicpa.or.jp/specialized_field/2-24-560j_2-2-20250723.pdf,
58,4,監査研究報告,1,循環取引等不適切な会計処理への監査上の対応等について,9/16/2011,会長通牒 平成23年第3号,JICPA,https://jicpa.or.jp/news/information/files/kaichou-110915.pdf,
59,4,監査研究報告,2,循環取引に対応する内部統制に関する共同研究報告,4/8/2024,,JICPA,https://jicpa.or.jp/specialized_field/files/2-99-0-2-20240408_2.pdf,
60,4,監査研究報告,3,法令違反等事実発見への対応に関するQ&A,11/28/2008,法規委員会研究報告第9号,JICPA,https://jicpa.or.jp/specialized_field/files/2-15-9-2b-20081120.pdf,
61,4,監査研究報告,4,監査役等と監査人との連携に関する共同研究報告,7/23/2024,,JICPA,https://jicpa.or.jp/specialized_field/files/2-99-0-2-20240723.pdf,
62,4,監査研究報告,5,情報処理統制に関する評価手続に係る研究文書,10/13/2022,監査基準報告書315研究文書第1号,JICPA,https://jicpa.or.jp/specialized_field/2-24-315k_1-2-20221013.pdf,
63,4,監査研究報告,6,ITの利用の理解並びにITの利用から生じるリスクの識別及び対応に関する監査人の手続に係るQ&A,8/5/2024,監査基準報告書315実務ガイダンス第1号,JICPA,https://jicpa.or.jp/specialized_field/files/2-24-315g_1-2-20240805_1.pdf,
64,4,監査研究報告,7,事業報告等と有価証券報告書の一体開示に含まれる財務諸表に対する監査報告書に係る実務ガイダンス,10/13/2022,監査基準報告書700実務ガイダンス第2号,JICPA,https://jicpa.or.jp/specialized_field/2-24-700g_2-2-20221013.pdf,
65,5,関係法令,1,公認会計士法,,,e-GOV,https://laws.e-gov.go.jp/law/323AC0000000103,
66,5,関係法令,2,公認会計士法施行令,,,e-GOV,https://laws.e-gov.go.jp/law/327CO0000000343,
67,5,関係法令,3,金融商品取引法,,,e-GOV,https://laws.e-gov.go.jp/law/323AC0000000025,
68,5,関係法令,4,金融商品取引法施行令,,,e-GOV,https://laws.e-gov.go.jp/law/340CO0000000321,
69,5,関係法令,5,財務諸表等の監査証明に関する内閣府令,,,e-GOV,https://laws.e-gov.go.jp/law/332M50000040012,
70,5,関係法令,6,財務諸表等の監査証明に関する内閣府令ガイドライン,,,金融庁,https://www.fsa.go.jp/common/law/kaiji/kansa.pdf,
71,6,倫理諸則,1,会則,7/18/2024,,JICPA,https://jicpa.or.jp/about/0-0-0-0-20240718.pdf,
72,6,倫理諸則,2,倫理規則,7/24/2024,,JICPA,https://jicpa.or.jp/specialized_field/files/2-22-0-2-20240724.pdf,
73,6,倫理諸則,3,「担当者（チームメンバー）の長期的関与とローテーション」に関する取扱い,2/26/2020,会長通牒 2020年第1号,JICPA,https://jicpa.or.jp/specialized_field/0-99-0-2-20200226.pdf,
74,6,倫理諸則,4,大会社等監査における単独監査の禁止について,2/13/2008,独立性に関する法改正対応解釈指針第2号,JICPA,https://jicpa.or.jp/specialized_field/publication/files/2-22-2-2a-20080213.pdf,
75,6,倫理諸則,5,大会社等監査における規制対象範囲について,2/13/2008,独立性に関する法改正対応解釈指針第5号,JICPA,https://jicpa.or.jp/specialized_field/publication/files/2-22-5-2-20080213.pdf,
76,6,倫理諸則,6,大会社等監査におけるローテーションについて,2/13/2008,独立性に関する法改正対応解釈指針第6号,JICPA,https://jicpa.or.jp/specialized_field/publication/files/2-22-6-2-20080213.pdf,
77,6,倫理諸則,7,就職制限又は公認会計士及び監査法人の業務制限について,2/13/2008,独立性に関する法改正対応解釈指針第7号,JICPA,https://jicpa.or.jp/specialized_field/publication/files/2-22-7-2-20080213.pdf,
78,6,倫理諸則,8,倫理規則に関するQ&A,5/23/2024,倫理規則実務ガイダンス第1号,JICPA,https://jicpa.or.jp/specialized_field/files/2-22-1-2a-20240628.pdf,
79,6,倫理諸則,9,監査人の独立性チェックリスト,3/16/2023,倫理規則実務ガイダンス第3号,JICPA,https://jicpa.or.jp/specialized_field/files/2-22-3-2a-20230316.pdf,
80,7,保証業務,1,財務情報等に係る保証業務の概念的枠組みに関する意見書,11/29/2004,,金融庁,https://www.fsa.go.jp/news/newsj/16/singi/f-20041129-1/01.pdf,
81,7,保証業務,2,財務諸表のレビュー業務,9/26/2024,保証業務実務指針2400,JICPA,https://jicpa.or.jp/specialized_field/2-24-2400-2-20240926.pdf,
82,7,保証業務,3,財務諸表のレビュー業務に係るQ&A,9/26/2024,保証業務実務指針2400実務ガイダンス第1号,JICPA,https://jicpa.or.jp/specialized_field/2-24-2400g_1-2-20240926.pdf,
83,7,保証業務,4,監査及びレビュー業務以外の保証業務に関する実務指針,7/23/2025,保証業務実務指針3000,JICPA,https://jicpa.or.jp/specialized_field/2-24-3000-2-20250723.pdf,
84,7,保証業務,5,監査及びレビュー業務以外の保証業務に係るQ&A,8/10/2023,保証業務実務指針3000実務ガイダンス第1号,JICPA,https://jicpa.or.jp/specialized_field/2-24-3000g_1-2-20230810.pdf,
85,7,保証業務,6,監査及びレビュー業務以外の保証業務に係る概念的枠組み,8/10/2023,保証業務実務指針3000実務ガイダンス第2号,JICPA,https://jicpa.or.jp/specialized_field/2-24-3000g_2-2-20230810.pdf,
86,7,保証業務,7,受託業務に係る内部統制の保証報告書に関する実務指針,7/23/2025,保証業務実務指針3402,JICPA,https://jicpa.or.jp/specialized_field/2-24-3402-2-20250723.pdf,
87,7,保証業務,8,受託業務に係る内部統制の保証報告書に関するQ&A,8/10/2023,保証業務実務指針3000実務ガイダンス第4号,JICPA,https://jicpa.or.jp/specialized_field/2-24-3000g_4-2-20230810.pdf,
88,8,内部統制,1,財務報告に係る内部統制基準・実施基準,4/7/2023,,金融庁,https://www.fsa.go.jp/singi/singi_kigyou/kijun/20230407_naibutousei_kansa.pdf,
89,8,内部統制,2,内部統制府令,,,e-GOV,https://laws.e-gov.go.jp/law/419M60000002062,
90,8,内部統制,,内部統制府令ガイドライン,6/30/2023,,金融庁,https://www.fsa.go.jp/common/law/kaiji/230630naibutoseigl.pdf,
91,8,内部統制,3,内部統制報告制度に関するQ&A,8/31/2023,,金融庁,https://www.fsa.go.jp/news/r5/sonota/20230831-2/02.pdf,
92,8,内部統制,4,内部統制報告制度に関する事例集,8/31/2023,,金融庁,https://www.fsa.go.jp/news/r5/sonota/20230831-2/04.pdf,
93,8,内部統制,5,財務報告に係る内部統制の監査,2/14/2025,財務報告内部統制監査基準報告書第1号,JICPA,https://jicpa.or.jp/specialized_field/files/2-24-nkh_1-2-20250214.pdf,
94,9,期中レビュー,1,期中レビュー基準,3/27/2024,,金融庁,https://www.fsa.go.jp/news/r5/sonota/20240327-2/06.pdf,
95,9,期中レビュー,2,独立監査人が実施する中間財務諸表に対するレビュー,3/18/2025,期中レビュー基準報告書第1号,JICPA,https://jicpa.or.jp/specialized_field/files/2-24-rkh1-2-20250318.pdf,
96,9,期中レビュー,3,独立監査人が実施する期中財務諸表に対するレビュー,7/23/2025,期中レビュー基準報告書第2号,JICPA,https://jicpa.or.jp/specialized_field/2-24-rkh2-2-20250723.pdf,
97,9,期中レビュー,4,東京証券取引所の有価証券上場規程に定める四半期財務諸表等に対する期中レビューに関するQ&A,3/18/2025,期中レビュー基準報告書第2号実務ガイダンス第1号,JICPA,https://jicpa.or.jp/specialized_field/files/2-24-rkh2g_1-2-20250318.pdf,
98,10,その他,1,「監査人から引受事務幹事会社への書簡」要綱,7/12/2024,,JICPA,https://jicpa.or.jp/specialized_field/files/2-24-0-2-20240712.pdf,
99,10,その他,2,監査人から引受事務幹事会社への書簡について,7/23/2025,専門業務実務指針,JICPA,https://jicpa.or.jp/specialized_field/2-24-cmf-2-20250723.pdf,
100,10,その他,3,合意された手続業務に関する実務指針,7/23/2025,専門業務実務指針4400,JICPA,https://jicpa.or.jp/specialized_field/2-24-4400-2-20250723.pdf,
101,10,その他,4,合意された手続業務に係るQ&A,8/10/2023,専門業務実務指針4400実務ガイダンス第1号,JICPA,https://jicpa.or.jp/specialized_field/2-24-4400g_1-2-20230810.pdf,
102,10,その他,5,監査及びレビュー等の契約書の作成例,4/14/2025,法規・制度委員会研究報告第1号,JICPA,https://jicpa.or.jp/specialized_field/files/2-53-1-2b-20250411.pdf,
103,10,その他,6,品質管理レビュー基準,6/28/2024,,JICPA,https://jicpa.or.jp/specialized_field/files/5-30-0-2a-20240628_1.pdf,
104,10,その他,7,品質管理レビュー手続,8/13/2024,,JICPA,https://jicpa.or.jp/specialized_field/files/5-30-0-2-20240809_1.pdf,
105,10,その他,8,監査意見表明のための委託審査要領,6/14/2024,,JICPA,https://jicpa.or.jp/news/information/files/2-1-0-2-20240613.pdf,
106,10,その他,9,報酬依存度のセーフガードとして品質管理レビューを利用する場合の依頼要領,9/17/2019,,JICPA,https://jicpa.or.jp/n_member/download/audit/0-30-0-2a-20200120_1.pdf,
107,10,その他,10,報酬依存度のセーフガードとして品質管理レビューを利用する場合の依頼要領の様式を定める内規,10/15/2019,,JICPA,https://jicpa.or.jp/n_member/download/audit/0-30-0-2b-20200120_2.pdf,
108,11,参考,1,監査法人の組織的な運営に関する原則《監査法人のガバナンス・コード》,4/10/2023,監査法人のガバナンス・コードに関する有識者検討会）,金融庁,https://www.fsa.go.jp/news/r4/sonota/20230324/02.pdf,
109,11,参考,2,国際監査基準書等一覧表,2/20/2003,,金融庁,https://www.fsa.go.jp/news/newsj/15/singi/f-20030220-3/12.pdf,
110,11,参考,3,①国際会計士倫理基準審議会（IESBA）基準書一覧,,,JICPA,https://jicpa.or.jp/specialized_field/translation/iesba.html,
111,11,参考,4,②国際監査・保証基準審議会（IAASB）基準書等一覧,,,JICPA,https://jicpa.or.jp/specialized_field/translation/iaasb.html,
112,11,参考,5,③米国公開企業会計監視委員会（PCAOB）基準書一覧表,6/23/2006,,金融庁,https://www.fsa.go.jp/singi/singi_kinyu/kounin/siryou/20060623/03.pdf,
